{"cameraMode":{"drawMode":0,"name":"Shaded","section":"Shading Mode"},"sceneLighting":true,"audioPlay":false,"sceneViewState":{"showFog":true,"showMaterialUpdate":true,"showSkybox":true,"showFlares":true,"showImageEffects":true,"showParticleSystems":true},"in2DMode":false,"pivot":{"x":24.14415740966797,"y":1.9970214366912842,"z":-50.380516052246097},"rotation":{"x":0.1306941956281662,"y":-0.1990310102701187,"z":0.026805046945810319,"w":0.9708994626998901},"size":1.2558810710906983,"orthographic":false}